date,avg_polarity,avg_subjectivity,max_polarity,min_polarity,article_count,polarity_volatility,Negative_pct,Neutral_pct,Positive_pct,Very Positive_pct
2025-04-15,-0.021875,0.2249999999999999,-0.021875,-0.021875,1,0.0,0.0,100.0,0.0,0.0
2025-04-15,-0.021875,0.2249999999999999,-0.021875,-0.021875,0,0.0,0.0,100.0,0.0,0.0
2025-04-15,-0.021875,0.2249999999999999,-0.021875,-0.021875,0,0.0,0.0,100.0,0.0,0.0
2025-04-15,-0.021875,0.2249999999999999,-0.021875,-0.021875,0,0.0,0.0,100.0,0.0,0.0
2025-04-15,-0.021875,0.2249999999999999,-0.021875,-0.021875,0,0.0,0.0,100.0,0.0,0.0
2025-04-15,-0.021875,0.2249999999999999,-0.021875,-0.021875,0,0.0,0.0,100.0,0.0,0.0
2025-04-15,-0.021875,0.2249999999999999,-0.021875,-0.021875,0,0.0,0.0,100.0,0.0,0.0
2025-04-15,-0.021875,0.2249999999999999,-0.021875,-0.021875,0,0.0,0.0,100.0,0.0,0.0
2025-04-15,-0.021875,0.2249999999999999,-0.021875,-0.021875,0,0.0,0.0,100.0,0.0,0.0
2025-04-15,-0.021875,0.2249999999999999,-0.021875,-0.021875,0,0.0,0.0,100.0,0.0,0.0
2025-04-15,-0.021875,0.2249999999999999,-0.021875,-0.021875,0,0.0,0.0,100.0,0.0,0.0
2025-04-15,-0.021875,0.2249999999999999,-0.021875,-0.021875,0,0.0,0.0,100.0,0.0,0.0
2025-04-15,-0.021875,0.2249999999999999,-0.021875,-0.021875,0,0.0,0.0,100.0,0.0,0.0
2025-04-15,-0.021875,0.2249999999999999,-0.021875,-0.021875,0,0.0,0.0,100.0,0.0,0.0
2025-04-15,-0.021875,0.2249999999999999,-0.021875,-0.021875,0,0.0,0.0,100.0,0.0,0.0
2025-04-15,-0.021875,0.2249999999999999,-0.021875,-0.021875,0,0.0,0.0,100.0,0.0,0.0
2025-04-15,-0.021875,0.2249999999999999,-0.021875,-0.021875,0,0.0,0.0,100.0,0.0,0.0
2025-04-15,-0.021875,0.2249999999999999,-0.021875,-0.021875,0,0.0,0.0,100.0,0.0,0.0
2025-04-15,-0.021875,0.2249999999999999,-0.021875,-0.021875,0,0.0,0.0,100.0,0.0,0.0
2025-04-15,-0.021875,0.2249999999999999,-0.021875,-0.021875,0,0.0,0.0,100.0,0.0,0.0
2025-04-15,-0.021875,0.2249999999999999,-0.021875,-0.021875,0,0.0,0.0,100.0,0.0,0.0
2025-04-15,-0.021875,0.2249999999999999,-0.021875,-0.021875,0,0.0,0.0,100.0,0.0,0.0
2025-04-15,-0.021875,0.2249999999999999,-0.021875,-0.021875,0,0.0,0.0,100.0,0.0,0.0
2025-04-15,-0.021875,0.2249999999999999,-0.021875,-0.021875,0,0.0,0.0,100.0,0.0,0.0
2025-04-16,0.0,0.0,0.0,0.0,1,0.0,0.0,100.0,0.0,0.0
2025-04-16,0.0,0.0,0.0,0.0,0,0.0,0.0,100.0,0.0,0.0
2025-04-16,0.0,0.0,0.0,0.0,0,0.0,0.0,100.0,0.0,0.0
2025-04-16,0.0,0.0,0.0,0.0,0,0.0,0.0,100.0,0.0,0.0
2025-04-16,0.0,0.0,0.0,0.0,0,0.0,0.0,100.0,0.0,0.0
2025-04-16,0.0,0.0,0.0,0.0,0,0.0,0.0,100.0,0.0,0.0
2025-04-16,0.0,0.0,0.0,0.0,0,0.0,0.0,100.0,0.0,0.0
2025-04-16,0.0,0.0,0.0,0.0,0,0.0,0.0,100.0,0.0,0.0
2025-04-16,0.0,0.0,0.0,0.0,0,0.0,0.0,100.0,0.0,0.0
2025-04-16,0.0,0.0,0.0,0.0,0,0.0,0.0,100.0,0.0,0.0
2025-04-16,0.0,0.0,0.0,0.0,0,0.0,0.0,100.0,0.0,0.0
2025-04-16,0.0,0.0,0.0,0.0,0,0.0,0.0,100.0,0.0,0.0
2025-04-16,0.0,0.0,0.0,0.0,0,0.0,0.0,100.0,0.0,0.0
2025-04-16,0.0,0.0,0.0,0.0,0,0.0,0.0,100.0,0.0,0.0
2025-04-16,0.0,0.0,0.0,0.0,0,0.0,0.0,100.0,0.0,0.0
2025-04-16,0.0,0.0,0.0,0.0,0,0.0,0.0,100.0,0.0,0.0
2025-04-16,0.0,0.0,0.0,0.0,0,0.0,0.0,100.0,0.0,0.0
2025-04-16,0.0,0.0,0.0,0.0,0,0.0,0.0,100.0,0.0,0.0
2025-04-16,0.0,0.0,0.0,0.0,0,0.0,0.0,100.0,0.0,0.0
2025-04-16,0.0,0.0,0.0,0.0,0,0.0,0.0,100.0,0.0,0.0
2025-04-16,0.0,0.0,0.0,0.0,0,0.0,0.0,100.0,0.0,0.0
2025-04-16,0.0,0.0,0.0,0.0,0,0.0,0.0,100.0,0.0,0.0
2025-04-16,0.0,0.0,0.0,0.0,0,0.0,0.0,100.0,0.0,0.0
2025-04-16,0.0,0.0,0.0,0.0,0,0.0,0.0,100.0,0.0,0.0
2025-04-17,0.0,0.0,0.0,0.0,0,0.0,0.0,100.0,0.0,0.0
2025-04-17,0.0,0.0,0.0,0.0,0,0.0,0.0,100.0,0.0,0.0
2025-04-17,0.0,0.0,0.0,0.0,0,0.0,0.0,100.0,0.0,0.0
2025-04-17,0.0,0.0,0.0,0.0,0,0.0,0.0,100.0,0.0,0.0
2025-04-17,0.0,0.0,0.0,0.0,0,0.0,0.0,100.0,0.0,0.0
2025-04-17,0.0,0.0,0.0,0.0,0,0.0,0.0,100.0,0.0,0.0
2025-04-17,0.0,0.0,0.0,0.0,0,0.0,0.0,100.0,0.0,0.0
2025-04-17,0.0,0.0,0.0,0.0,0,0.0,0.0,100.0,0.0,0.0
2025-04-17,0.0,0.0,0.0,0.0,0,0.0,0.0,100.0,0.0,0.0
2025-04-17,0.0,0.0,0.0,0.0,0,0.0,0.0,100.0,0.0,0.0
2025-04-17,0.0,0.0,0.0,0.0,0,0.0,0.0,100.0,0.0,0.0
2025-04-17,0.0,0.0,0.0,0.0,0,0.0,0.0,100.0,0.0,0.0
2025-04-17,0.0,0.0,0.0,0.0,0,0.0,0.0,100.0,0.0,0.0
2025-04-17,0.0,0.0,0.0,0.0,0,0.0,0.0,100.0,0.0,0.0
2025-04-17,0.0,0.0,0.0,0.0,0,0.0,0.0,100.0,0.0,0.0
2025-04-17,0.0,0.0,0.0,0.0,0,0.0,0.0,100.0,0.0,0.0
2025-04-17,0.0,0.0,0.0,0.0,0,0.0,0.0,100.0,0.0,0.0
2025-04-17,0.0,0.0,0.0,0.0,0,0.0,0.0,100.0,0.0,0.0
2025-04-17,0.0,0.0,0.0,0.0,0,0.0,0.0,100.0,0.0,0.0
2025-04-17,0.0,0.0,0.0,0.0,0,0.0,0.0,100.0,0.0,0.0
2025-04-17,0.0,0.0,0.0,0.0,0,0.0,0.0,100.0,0.0,0.0
2025-04-17,0.0,0.0,0.0,0.0,0,0.0,0.0,100.0,0.0,0.0
2025-04-17,0.0,0.0,0.0,0.0,0,0.0,0.0,100.0,0.0,0.0
2025-04-17,0.0,0.0,0.0,0.0,0,0.0,0.0,100.0,0.0,0.0
2025-04-18,0.0,0.0,0.0,0.0,0,0.0,0.0,100.0,0.0,0.0
2025-04-18,0.0,0.0,0.0,0.0,0,0.0,0.0,100.0,0.0,0.0
2025-04-18,0.0,0.0,0.0,0.0,0,0.0,0.0,100.0,0.0,0.0
2025-04-18,0.0,0.0,0.0,0.0,0,0.0,0.0,100.0,0.0,0.0
2025-04-18,0.0,0.0,0.0,0.0,0,0.0,0.0,100.0,0.0,0.0
2025-04-18,0.0,0.0,0.0,0.0,0,0.0,0.0,100.0,0.0,0.0
2025-04-18,0.0,0.0,0.0,0.0,0,0.0,0.0,100.0,0.0,0.0
2025-04-18,0.0,0.0,0.0,0.0,0,0.0,0.0,100.0,0.0,0.0
2025-04-18,0.0,0.0,0.0,0.0,0,0.0,0.0,100.0,0.0,0.0
2025-04-18,0.0,0.0,0.0,0.0,0,0.0,0.0,100.0,0.0,0.0
2025-04-18,0.0,0.0,0.0,0.0,0,0.0,0.0,100.0,0.0,0.0
2025-04-18,0.0,0.0,0.0,0.0,0,0.0,0.0,100.0,0.0,0.0
2025-04-18,0.0,0.0,0.0,0.0,0,0.0,0.0,100.0,0.0,0.0
2025-04-18,0.0,0.0,0.0,0.0,0,0.0,0.0,100.0,0.0,0.0
2025-04-18,0.0,0.0,0.0,0.0,0,0.0,0.0,100.0,0.0,0.0
2025-04-18,0.0,0.0,0.0,0.0,0,0.0,0.0,100.0,0.0,0.0
2025-04-18,0.0,0.0,0.0,0.0,0,0.0,0.0,100.0,0.0,0.0
2025-04-18,0.0,0.0,0.0,0.0,0,0.0,0.0,100.0,0.0,0.0
2025-04-18,0.0,0.0,0.0,0.0,0,0.0,0.0,100.0,0.0,0.0
2025-04-18,0.0,0.0,0.0,0.0,0,0.0,0.0,100.0,0.0,0.0
2025-04-18,0.0,0.0,0.0,0.0,0,0.0,0.0,100.0,0.0,0.0
2025-04-18,0.0,0.0,0.0,0.0,0,0.0,0.0,100.0,0.0,0.0
2025-04-18,0.0,0.0,0.0,0.0,0,0.0,0.0,100.0,0.0,0.0
2025-04-18,0.0,0.0,0.0,0.0,0,0.0,0.0,100.0,0.0,0.0
2025-04-19,0.18125000000000002,0.58,0.33,0.0325,2,0.2103642674029979,0.0,50.0,1.9230769230769231,0.0
2025-04-19,0.18125000000000002,0.58,0.33,0.0325,0,0.0,0.0,50.0,1.9230769230769231,0.0
2025-04-19,0.18125000000000002,0.58,0.33,0.0325,0,0.0,0.0,50.0,1.9230769230769231,0.0
2025-04-19,0.18125000000000002,0.58,0.33,0.0325,0,0.0,0.0,50.0,1.9230769230769231,0.0
2025-04-19,0.18125000000000002,0.58,0.33,0.0325,0,0.0,0.0,50.0,1.9230769230769231,0.0
2025-04-19,0.18125000000000002,0.58,0.33,0.0325,0,0.0,0.0,50.0,1.9230769230769231,0.0
2025-04-19,0.18125000000000002,0.58,0.33,0.0325,0,0.0,0.0,50.0,1.9230769230769231,0.0
2025-04-19,0.18125000000000002,0.58,0.33,0.0325,0,0.0,0.0,50.0,1.9230769230769231,0.0
2025-04-19,0.18125000000000002,0.58,0.33,0.0325,0,0.0,0.0,50.0,1.9230769230769231,0.0
2025-04-19,0.18125000000000002,0.58,0.33,0.0325,0,0.0,0.0,50.0,1.9230769230769231,0.0
2025-04-19,0.18125000000000002,0.58,0.33,0.0325,0,0.0,0.0,50.0,1.9230769230769231,0.0
2025-04-19,0.18125000000000002,0.58,0.33,0.0325,0,0.0,0.0,50.0,1.9230769230769231,0.0
2025-04-19,0.18125000000000002,0.58,0.33,0.0325,0,0.0,0.0,50.0,1.9230769230769231,0.0
2025-04-19,0.18125000000000002,0.58,0.33,0.0325,0,0.0,0.0,50.0,1.9230769230769231,0.0
2025-04-19,0.18125000000000002,0.58,0.33,0.0325,0,0.0,0.0,50.0,1.9230769230769231,0.0
2025-04-19,0.18125000000000002,0.58,0.33,0.0325,0,0.0,0.0,50.0,1.9230769230769231,0.0
2025-04-19,0.18125000000000002,0.58,0.33,0.0325,0,0.0,0.0,50.0,1.9230769230769231,0.0
2025-04-19,0.18125000000000002,0.58,0.33,0.0325,0,0.0,0.0,50.0,1.9230769230769231,0.0
2025-04-19,0.18125000000000002,0.58,0.33,0.0325,0,0.0,0.0,50.0,1.9230769230769231,0.0
2025-04-19,0.18125000000000002,0.58,0.33,0.0325,0,0.0,0.0,50.0,1.9230769230769231,0.0
2025-04-19,0.18125000000000002,0.58,0.33,0.0325,0,0.0,0.0,50.0,1.9230769230769231,0.0
2025-04-19,0.18125000000000002,0.58,0.33,0.0325,0,0.0,0.0,50.0,1.9230769230769231,0.0
2025-04-19,0.18125000000000002,0.58,0.33,0.0325,0,0.0,0.0,50.0,1.9230769230769231,0.0
2025-04-19,0.18125000000000002,0.58,0.33,0.0325,0,0.0,0.0,50.0,1.9230769230769231,0.0
2025-04-20,0.3111111111111111,0.4111111111111111,0.3111111111111111,0.3111111111111111,1,0.0,0.0,0.0,100.0,0.0
2025-04-20,0.3111111111111111,0.4111111111111111,0.3111111111111111,0.3111111111111111,0,0.0,0.0,0.0,100.0,0.0
2025-04-20,0.3111111111111111,0.4111111111111111,0.3111111111111111,0.3111111111111111,0,0.0,0.0,0.0,100.0,0.0
2025-04-20,0.3111111111111111,0.4111111111111111,0.3111111111111111,0.3111111111111111,0,0.0,0.0,0.0,100.0,0.0
2025-04-20,0.3111111111111111,0.4111111111111111,0.3111111111111111,0.3111111111111111,0,0.0,0.0,0.0,100.0,0.0
2025-04-20,0.3111111111111111,0.4111111111111111,0.3111111111111111,0.3111111111111111,0,0.0,0.0,0.0,100.0,0.0
2025-04-20,0.3111111111111111,0.4111111111111111,0.3111111111111111,0.3111111111111111,0,0.0,0.0,0.0,100.0,0.0
2025-04-20,0.3111111111111111,0.4111111111111111,0.3111111111111111,0.3111111111111111,0,0.0,0.0,0.0,100.0,0.0
2025-04-20,0.3111111111111111,0.4111111111111111,0.3111111111111111,0.3111111111111111,0,0.0,0.0,0.0,100.0,0.0
2025-04-20,0.3111111111111111,0.4111111111111111,0.3111111111111111,0.3111111111111111,0,0.0,0.0,0.0,100.0,0.0
2025-04-20,0.3111111111111111,0.4111111111111111,0.3111111111111111,0.3111111111111111,0,0.0,0.0,0.0,100.0,0.0
2025-04-20,0.3111111111111111,0.4111111111111111,0.3111111111111111,0.3111111111111111,0,0.0,0.0,0.0,100.0,0.0
2025-04-20,0.3111111111111111,0.4111111111111111,0.3111111111111111,0.3111111111111111,0,0.0,0.0,0.0,100.0,0.0
2025-04-20,0.3111111111111111,0.4111111111111111,0.3111111111111111,0.3111111111111111,0,0.0,0.0,0.0,100.0,0.0
2025-04-20,0.3111111111111111,0.4111111111111111,0.3111111111111111,0.3111111111111111,0,0.0,0.0,0.0,100.0,0.0
2025-04-20,0.3111111111111111,0.4111111111111111,0.3111111111111111,0.3111111111111111,0,0.0,0.0,0.0,100.0,0.0
2025-04-20,0.3111111111111111,0.4111111111111111,0.3111111111111111,0.3111111111111111,0,0.0,0.0,0.0,100.0,0.0
2025-04-20,0.3111111111111111,0.4111111111111111,0.3111111111111111,0.3111111111111111,0,0.0,0.0,0.0,100.0,0.0
2025-04-20,0.3111111111111111,0.4111111111111111,0.3111111111111111,0.3111111111111111,0,0.0,0.0,0.0,100.0,0.0
2025-04-20,0.3111111111111111,0.4111111111111111,0.3111111111111111,0.3111111111111111,0,0.0,0.0,0.0,100.0,0.0
2025-04-20,0.3111111111111111,0.4111111111111111,0.3111111111111111,0.3111111111111111,0,0.0,0.0,0.0,100.0,0.0
2025-04-20,0.3111111111111111,0.4111111111111111,0.3111111111111111,0.3111111111111111,0,0.0,0.0,0.0,100.0,0.0
2025-04-20,0.3111111111111111,0.4111111111111111,0.3111111111111111,0.3111111111111111,0,0.0,0.0,0.0,100.0,0.0
2025-04-20,0.3111111111111111,0.4111111111111111,0.3111111111111111,0.3111111111111111,0,0.0,0.0,0.0,100.0,0.0
2025-04-21,0.275,0.3,0.3,0.25,2,0.03535533905932739,0.0,0.0,100.0,0.0
2025-04-21,0.275,0.3,0.3,0.25,0,0.0,0.0,0.0,100.0,0.0
2025-04-21,0.275,0.3,0.3,0.25,0,0.0,0.0,0.0,100.0,0.0
2025-04-21,0.275,0.3,0.3,0.25,0,0.0,0.0,0.0,100.0,0.0
2025-04-21,0.275,0.3,0.3,0.25,0,0.0,0.0,0.0,100.0,0.0
2025-04-21,0.275,0.3,0.3,0.25,0,0.0,0.0,0.0,100.0,0.0
2025-04-21,0.275,0.3,0.3,0.25,0,0.0,0.0,0.0,100.0,0.0
2025-04-21,0.275,0.3,0.3,0.25,0,0.0,0.0,0.0,100.0,0.0
2025-04-21,0.275,0.3,0.3,0.25,0,0.0,0.0,0.0,100.0,0.0
2025-04-21,0.275,0.3,0.3,0.25,0,0.0,0.0,0.0,100.0,0.0
2025-04-21,0.275,0.3,0.3,0.25,0,0.0,0.0,0.0,100.0,0.0
2025-04-21,0.275,0.3,0.3,0.25,0,0.0,0.0,0.0,100.0,0.0
2025-04-21,0.275,0.3,0.3,0.25,0,0.0,0.0,0.0,100.0,0.0
2025-04-21,0.275,0.3,0.3,0.25,0,0.0,0.0,0.0,100.0,0.0
2025-04-21,0.275,0.3,0.3,0.25,0,0.0,0.0,0.0,100.0,0.0
2025-04-21,0.275,0.3,0.3,0.25,0,0.0,0.0,0.0,100.0,0.0
2025-04-21,0.275,0.3,0.3,0.25,0,0.0,0.0,0.0,100.0,0.0
2025-04-21,0.275,0.3,0.3,0.25,0,0.0,0.0,0.0,100.0,0.0
2025-04-21,0.275,0.3,0.3,0.25,0,0.0,0.0,0.0,100.0,0.0
2025-04-21,0.275,0.3,0.3,0.25,0,0.0,0.0,0.0,100.0,0.0
2025-04-21,0.275,0.3,0.3,0.25,0,0.0,0.0,0.0,100.0,0.0
2025-04-21,0.275,0.3,0.3,0.25,0,0.0,0.0,0.0,100.0,0.0
2025-04-21,0.275,0.3,0.3,0.25,0,0.0,0.0,0.0,100.0,0.0
2025-04-21,0.275,0.3,0.3,0.25,0,0.0,0.0,0.0,100.0,0.0
2025-04-22,0.2270833333333333,0.48541666666666666,0.2666666666666666,0.1875,2,0.055979286843934974,0.0,0.0,100.0,0.0
2025-04-22,0.2270833333333333,0.48541666666666666,0.2666666666666666,0.1875,0,0.0,0.0,0.0,100.0,0.0
2025-04-22,0.2270833333333333,0.48541666666666666,0.2666666666666666,0.1875,0,0.0,0.0,0.0,100.0,0.0
2025-04-22,0.2270833333333333,0.48541666666666666,0.2666666666666666,0.1875,0,0.0,0.0,0.0,100.0,0.0
2025-04-22,0.2270833333333333,0.48541666666666666,0.2666666666666666,0.1875,0,0.0,0.0,0.0,100.0,0.0
2025-04-22,0.2270833333333333,0.48541666666666666,0.2666666666666666,0.1875,0,0.0,0.0,0.0,100.0,0.0
2025-04-22,0.2270833333333333,0.48541666666666666,0.2666666666666666,0.1875,0,0.0,0.0,0.0,100.0,0.0
2025-04-22,0.2270833333333333,0.48541666666666666,0.2666666666666666,0.1875,0,0.0,0.0,0.0,100.0,0.0
2025-04-22,0.2270833333333333,0.48541666666666666,0.2666666666666666,0.1875,0,0.0,0.0,0.0,100.0,0.0
2025-04-22,0.2270833333333333,0.48541666666666666,0.2666666666666666,0.1875,0,0.0,0.0,0.0,100.0,0.0
2025-04-22,0.2270833333333333,0.48541666666666666,0.2666666666666666,0.1875,0,0.0,0.0,0.0,100.0,0.0
2025-04-22,0.2270833333333333,0.48541666666666666,0.2666666666666666,0.1875,0,0.0,0.0,0.0,100.0,0.0
2025-04-22,0.2270833333333333,0.48541666666666666,0.2666666666666666,0.1875,0,0.0,0.0,0.0,100.0,0.0
2025-04-22,0.2270833333333333,0.48541666666666666,0.2666666666666666,0.1875,0,0.0,0.0,0.0,100.0,0.0
2025-04-22,0.2270833333333333,0.48541666666666666,0.2666666666666666,0.1875,0,0.0,0.0,0.0,100.0,0.0
2025-04-22,0.2270833333333333,0.48541666666666666,0.2666666666666666,0.1875,0,0.0,0.0,0.0,100.0,0.0
2025-04-22,0.2270833333333333,0.48541666666666666,0.2666666666666666,0.1875,0,0.0,0.0,0.0,100.0,0.0
2025-04-22,0.2270833333333333,0.48541666666666666,0.2666666666666666,0.1875,0,0.0,0.0,0.0,100.0,0.0
2025-04-22,0.2270833333333333,0.48541666666666666,0.2666666666666666,0.1875,0,0.0,0.0,0.0,100.0,0.0
2025-04-22,0.2270833333333333,0.48541666666666666,0.2666666666666666,0.1875,0,0.0,0.0,0.0,100.0,0.0
2025-04-22,0.2270833333333333,0.48541666666666666,0.2666666666666666,0.1875,0,0.0,0.0,0.0,100.0,0.0
2025-04-22,0.2270833333333333,0.48541666666666666,0.2666666666666666,0.1875,0,0.0,0.0,0.0,100.0,0.0
2025-04-22,0.2270833333333333,0.48541666666666666,0.2666666666666666,0.1875,0,0.0,0.0,0.0,100.0,0.0
2025-04-22,0.2270833333333333,0.48541666666666666,0.2666666666666666,0.1875,0,0.0,0.0,0.0,100.0,0.0
2025-04-23,0.27499999999999997,0.5,0.375,0.1,3,0.15206906325745548,0.0,33.33333333333333,5.5045871559633035,0.0
2025-04-23,0.27499999999999997,0.5,0.375,0.1,0,0.0,0.0,33.33333333333333,5.5045871559633035,0.0
2025-04-23,0.27499999999999997,0.5,0.375,0.1,0,0.0,0.0,33.33333333333333,5.5045871559633035,0.0
2025-04-23,0.27499999999999997,0.5,0.375,0.1,0,0.0,0.0,33.33333333333333,5.5045871559633035,0.0
2025-04-23,0.27499999999999997,0.5,0.375,0.1,0,0.0,0.0,33.33333333333333,5.5045871559633035,0.0
2025-04-23,0.27499999999999997,0.5,0.375,0.1,0,0.0,0.0,33.33333333333333,5.5045871559633035,0.0
2025-04-23,0.27499999999999997,0.5,0.375,0.1,0,0.0,0.0,33.33333333333333,5.5045871559633035,0.0
2025-04-23,0.27499999999999997,0.5,0.375,0.1,0,0.0,0.0,33.33333333333333,5.5045871559633035,0.0
2025-04-23,0.27499999999999997,0.5,0.375,0.1,0,0.0,0.0,33.33333333333333,5.5045871559633035,0.0
2025-04-23,0.27499999999999997,0.5,0.375,0.1,0,0.0,0.0,33.33333333333333,5.5045871559633035,0.0
2025-04-23,0.27499999999999997,0.5,0.375,0.1,0,0.0,0.0,33.33333333333333,5.5045871559633035,0.0
2025-04-23,0.27499999999999997,0.5,0.375,0.1,0,0.0,0.0,33.33333333333333,5.5045871559633035,0.0
2025-04-23,0.27499999999999997,0.5,0.375,0.1,0,0.0,0.0,33.33333333333333,5.5045871559633035,0.0
2025-04-23,0.27499999999999997,0.5,0.375,0.1,0,0.0,0.0,33.33333333333333,5.5045871559633035,0.0
2025-04-23,0.27499999999999997,0.5,0.375,0.1,0,0.0,0.0,33.33333333333333,5.5045871559633035,0.0
2025-04-23,0.27499999999999997,0.5,0.375,0.1,0,0.0,0.0,33.33333333333333,5.5045871559633035,0.0
2025-04-23,0.27499999999999997,0.5,0.375,0.1,0,0.0,0.0,33.33333333333333,5.5045871559633035,0.0
2025-04-23,0.27499999999999997,0.5,0.375,0.1,0,0.0,0.0,33.33333333333333,5.5045871559633035,0.0
2025-04-23,0.27499999999999997,0.5,0.375,0.1,0,0.0,0.0,33.33333333333333,5.5045871559633035,0.0
2025-04-23,0.27499999999999997,0.5,0.375,0.1,0,0.0,0.0,33.33333333333333,5.5045871559633035,0.0
2025-04-23,0.27499999999999997,0.5,0.375,0.1,0,0.0,0.0,33.33333333333333,5.5045871559633035,0.0
2025-04-23,0.27499999999999997,0.5,0.375,0.1,0,0.0,0.0,33.33333333333333,5.5045871559633035,0.0
2025-04-23,0.27499999999999997,0.5,0.375,0.1,0,0.0,0.0,33.33333333333333,5.5045871559633035,0.0
2025-04-23,0.27499999999999997,0.5,0.375,0.1,0,0.0,0.0,33.33333333333333,5.5045871559633035,0.0
2025-04-24,0.0,0.14583333333333331,0.25,-0.25,4,0.2041241452319315,25.0,6.896551724137931,2.785782901056676,0.0
2025-04-24,0.0,0.14583333333333331,0.25,-0.25,0,0.0,25.0,6.896551724137931,2.785782901056676,0.0
2025-04-24,0.0,0.14583333333333331,0.25,-0.25,0,0.0,25.0,6.896551724137931,2.785782901056676,0.0
2025-04-24,0.0,0.14583333333333331,0.25,-0.25,0,0.0,25.0,6.896551724137931,2.785782901056676,0.0
2025-04-24,0.0,0.14583333333333331,0.25,-0.25,0,0.0,25.0,6.896551724137931,2.785782901056676,0.0
2025-04-24,0.0,0.14583333333333331,0.25,-0.25,0,0.0,25.0,6.896551724137931,2.785782901056676,0.0
2025-04-24,0.0,0.14583333333333331,0.25,-0.25,0,0.0,25.0,6.896551724137931,2.785782901056676,0.0
2025-04-24,0.0,0.14583333333333331,0.25,-0.25,0,0.0,25.0,6.896551724137931,2.785782901056676,0.0
2025-04-24,0.0,0.14583333333333331,0.25,-0.25,0,0.0,25.0,6.896551724137931,2.785782901056676,0.0
2025-04-24,0.0,0.14583333333333331,0.25,-0.25,0,0.0,25.0,6.896551724137931,2.785782901056676,0.0
2025-04-24,0.0,0.14583333333333331,0.25,-0.25,0,0.0,25.0,6.896551724137931,2.785782901056676,0.0
2025-04-24,0.0,0.14583333333333331,0.25,-0.25,0,0.0,25.0,6.896551724137931,2.785782901056676,0.0
2025-04-24,0.0,0.14583333333333331,0.25,-0.25,0,0.0,25.0,6.896551724137931,2.785782901056676,0.0
2025-04-24,0.0,0.14583333333333331,0.25,-0.25,0,0.0,25.0,6.896551724137931,2.785782901056676,0.0
2025-04-24,0.0,0.14583333333333331,0.25,-0.25,0,0.0,25.0,6.896551724137931,2.785782901056676,0.0
2025-04-24,0.0,0.14583333333333331,0.25,-0.25,0,0.0,25.0,6.896551724137931,2.785782901056676,0.0
2025-04-24,0.0,0.14583333333333331,0.25,-0.25,0,0.0,25.0,6.896551724137931,2.785782901056676,0.0
2025-04-24,0.0,0.14583333333333331,0.25,-0.25,0,0.0,25.0,6.896551724137931,2.785782901056676,0.0
2025-04-24,0.0,0.14583333333333331,0.25,-0.25,0,0.0,25.0,6.896551724137931,2.785782901056676,0.0
2025-04-24,0.0,0.14583333333333331,0.25,-0.25,0,0.0,25.0,6.896551724137931,2.785782901056676,0.0
2025-04-24,0.0,0.14583333333333331,0.25,-0.25,0,0.0,25.0,6.896551724137931,2.785782901056676,0.0
2025-04-24,0.0,0.14583333333333331,0.25,-0.25,0,0.0,25.0,6.896551724137931,2.785782901056676,0.0
2025-04-24,0.0,0.14583333333333331,0.25,-0.25,0,0.0,25.0,6.896551724137931,2.785782901056676,0.0
2025-04-24,0.0,0.14583333333333331,0.25,-0.25,0,0.0,25.0,6.896551724137931,2.785782901056676,0.0
2025-04-25,0.0,0.14583333333333331,0.25,-0.25,0,0.0,25.0,6.896551724137931,2.785782901056676,0.0
2025-04-25,0.0,0.14583333333333331,0.25,-0.25,0,0.0,25.0,6.896551724137931,2.785782901056676,0.0
2025-04-25,0.0,0.14583333333333331,0.25,-0.25,0,0.0,25.0,6.896551724137931,2.785782901056676,0.0
2025-04-25,0.0,0.14583333333333331,0.25,-0.25,0,0.0,25.0,6.896551724137931,2.785782901056676,0.0
2025-04-25,0.0,0.14583333333333331,0.25,-0.25,0,0.0,25.0,6.896551724137931,2.785782901056676,0.0
2025-04-25,0.0,0.14583333333333331,0.25,-0.25,0,0.0,25.0,6.896551724137931,2.785782901056676,0.0
2025-04-25,0.0,0.14583333333333331,0.25,-0.25,0,0.0,25.0,6.896551724137931,2.785782901056676,0.0
2025-04-25,0.0,0.14583333333333331,0.25,-0.25,0,0.0,25.0,6.896551724137931,2.785782901056676,0.0
2025-04-25,0.0,0.14583333333333331,0.25,-0.25,0,0.0,25.0,6.896551724137931,2.785782901056676,0.0
2025-04-25,0.0,0.14583333333333331,0.25,-0.25,0,0.0,25.0,6.896551724137931,2.785782901056676,0.0
2025-04-25,0.0,0.14583333333333331,0.25,-0.25,0,0.0,25.0,6.896551724137931,2.785782901056676,0.0
2025-04-25,0.0,0.14583333333333331,0.25,-0.25,0,0.0,25.0,6.896551724137931,2.785782901056676,0.0
2025-04-25,0.0,0.14583333333333331,0.25,-0.25,0,0.0,25.0,6.896551724137931,2.785782901056676,0.0
2025-04-25,0.0,0.14583333333333331,0.25,-0.25,0,0.0,25.0,6.896551724137931,2.785782901056676,0.0
2025-04-25,0.0,0.14583333333333331,0.25,-0.25,0,0.0,25.0,6.896551724137931,2.785782901056676,0.0
2025-04-25,0.0,0.14583333333333331,0.25,-0.25,0,0.0,25.0,6.896551724137931,2.785782901056676,0.0
2025-04-25,0.0,0.14583333333333331,0.25,-0.25,0,0.0,25.0,6.896551724137931,2.785782901056676,0.0
2025-04-25,0.0,0.14583333333333331,0.25,-0.25,0,0.0,25.0,6.896551724137931,2.785782901056676,0.0
2025-04-25,0.0,0.14583333333333331,0.25,-0.25,0,0.0,25.0,6.896551724137931,2.785782901056676,0.0
2025-04-25,0.0,0.14583333333333331,0.25,-0.25,0,0.0,25.0,6.896551724137931,2.785782901056676,0.0
2025-04-25,0.0,0.14583333333333331,0.25,-0.25,0,0.0,25.0,6.896551724137931,2.785782901056676,0.0
2025-04-25,0.0,0.14583333333333331,0.25,-0.25,0,0.0,25.0,6.896551724137931,2.785782901056676,0.0
2025-04-25,0.0,0.14583333333333331,0.25,-0.25,0,0.0,25.0,6.896551724137931,2.785782901056676,0.0
2025-04-25,0.0,0.14583333333333331,0.25,-0.25,0,0.0,25.0,6.896551724137931,2.785782901056676,0.0
2025-04-26,0.0,0.14583333333333331,0.25,-0.25,0,0.0,25.0,6.896551724137931,2.785782901056676,0.0
2025-04-26,0.0,0.14583333333333331,0.25,-0.25,0,0.0,25.0,6.896551724137931,2.785782901056676,0.0
2025-04-26,0.0,0.14583333333333331,0.25,-0.25,0,0.0,25.0,6.896551724137931,2.785782901056676,0.0
2025-04-26,0.0,0.14583333333333331,0.25,-0.25,0,0.0,25.0,6.896551724137931,2.785782901056676,0.0
2025-04-26,0.0,0.14583333333333331,0.25,-0.25,0,0.0,25.0,6.896551724137931,2.785782901056676,0.0
2025-04-26,0.0,0.14583333333333331,0.25,-0.25,0,0.0,25.0,6.896551724137931,2.785782901056676,0.0
2025-04-26,0.0,0.14583333333333331,0.25,-0.25,0,0.0,25.0,6.896551724137931,2.785782901056676,0.0
2025-04-26,0.0,0.14583333333333331,0.25,-0.25,0,0.0,25.0,6.896551724137931,2.785782901056676,0.0
2025-04-26,0.0,0.14583333333333331,0.25,-0.25,0,0.0,25.0,6.896551724137931,2.785782901056676,0.0
2025-04-26,0.0,0.14583333333333331,0.25,-0.25,0,0.0,25.0,6.896551724137931,2.785782901056676,0.0
2025-04-26,0.0,0.14583333333333331,0.25,-0.25,0,0.0,25.0,6.896551724137931,2.785782901056676,0.0
2025-04-26,0.0,0.14583333333333331,0.25,-0.25,0,0.0,25.0,6.896551724137931,2.785782901056676,0.0
2025-04-26,0.0,0.14583333333333331,0.25,-0.25,0,0.0,25.0,6.896551724137931,2.785782901056676,0.0
2025-04-26,0.0,0.14583333333333331,0.25,-0.25,0,0.0,25.0,6.896551724137931,2.785782901056676,0.0
2025-04-26,0.0,0.14583333333333331,0.25,-0.25,0,0.0,25.0,6.896551724137931,2.785782901056676,0.0
2025-04-26,0.0,0.14583333333333331,0.25,-0.25,0,0.0,25.0,6.896551724137931,2.785782901056676,0.0
2025-04-26,0.0,0.14583333333333331,0.25,-0.25,0,0.0,25.0,6.896551724137931,2.785782901056676,0.0
2025-04-26,0.0,0.14583333333333331,0.25,-0.25,0,0.0,25.0,6.896551724137931,2.785782901056676,0.0
2025-04-26,0.0,0.14583333333333331,0.25,-0.25,0,0.0,25.0,6.896551724137931,2.785782901056676,0.0
2025-04-26,0.0,0.14583333333333331,0.25,-0.25,0,0.0,25.0,6.896551724137931,2.785782901056676,0.0
2025-04-26,0.0,0.14583333333333331,0.25,-0.25,0,0.0,25.0,6.896551724137931,2.785782901056676,0.0
2025-04-26,0.0,0.14583333333333331,0.25,-0.25,0,0.0,25.0,6.896551724137931,2.785782901056676,0.0
2025-04-26,0.0,0.14583333333333331,0.25,-0.25,0,0.0,25.0,6.896551724137931,2.785782901056676,0.0
2025-04-26,0.0,0.14583333333333331,0.25,-0.25,0,0.0,25.0,6.896551724137931,2.785782901056676,0.0
2025-04-27,0.1,0.5,0.1,0.1,1,0.0,0.0,100.0,0.0,0.0
2025-04-27,0.1,0.5,0.1,0.1,0,0.0,0.0,100.0,0.0,0.0
2025-04-27,0.1,0.5,0.1,0.1,0,0.0,0.0,100.0,0.0,0.0
2025-04-27,0.1,0.5,0.1,0.1,0,0.0,0.0,100.0,0.0,0.0
2025-04-27,0.1,0.5,0.1,0.1,0,0.0,0.0,100.0,0.0,0.0
2025-04-27,0.1,0.5,0.1,0.1,0,0.0,0.0,100.0,0.0,0.0
2025-04-27,0.1,0.5,0.1,0.1,0,0.0,0.0,100.0,0.0,0.0
2025-04-27,0.1,0.5,0.1,0.1,0,0.0,0.0,100.0,0.0,0.0
2025-04-27,0.1,0.5,0.1,0.1,0,0.0,0.0,100.0,0.0,0.0
2025-04-27,0.1,0.5,0.1,0.1,0,0.0,0.0,100.0,0.0,0.0
2025-04-27,0.1,0.5,0.1,0.1,0,0.0,0.0,100.0,0.0,0.0
2025-04-27,0.1,0.5,0.1,0.1,0,0.0,0.0,100.0,0.0,0.0
2025-04-27,0.1,0.5,0.1,0.1,0,0.0,0.0,100.0,0.0,0.0
2025-04-27,0.1,0.5,0.1,0.1,0,0.0,0.0,100.0,0.0,0.0
2025-04-27,0.1,0.5,0.1,0.1,0,0.0,0.0,100.0,0.0,0.0
2025-04-27,0.1,0.5,0.1,0.1,0,0.0,0.0,100.0,0.0,0.0
2025-04-27,0.1,0.5,0.1,0.1,0,0.0,0.0,100.0,0.0,0.0
2025-04-27,0.1,0.5,0.1,0.1,0,0.0,0.0,100.0,0.0,0.0
2025-04-27,0.1,0.5,0.1,0.1,0,0.0,0.0,100.0,0.0,0.0
2025-04-27,0.1,0.5,0.1,0.1,0,0.0,0.0,100.0,0.0,0.0
2025-04-27,0.1,0.5,0.1,0.1,0,0.0,0.0,100.0,0.0,0.0
2025-04-27,0.1,0.5,0.1,0.1,0,0.0,0.0,100.0,0.0,0.0
2025-04-27,0.1,0.5,0.1,0.1,0,0.0,0.0,100.0,0.0,0.0
2025-04-27,0.1,0.5,0.1,0.1,0,0.0,0.0,100.0,0.0,0.0
2025-04-28,0.15,0.25,0.15,0.15,1,0.0,0.0,0.0,100.0,0.0
2025-04-28,0.15,0.25,0.15,0.15,0,0.0,0.0,0.0,100.0,0.0
2025-04-28,0.15,0.25,0.15,0.15,0,0.0,0.0,0.0,100.0,0.0
2025-04-28,0.15,0.25,0.15,0.15,0,0.0,0.0,0.0,100.0,0.0
2025-04-28,0.15,0.25,0.15,0.15,0,0.0,0.0,0.0,100.0,0.0
2025-04-28,0.15,0.25,0.15,0.15,0,0.0,0.0,0.0,100.0,0.0
2025-04-28,0.15,0.25,0.15,0.15,0,0.0,0.0,0.0,100.0,0.0
2025-04-28,0.15,0.25,0.15,0.15,0,0.0,0.0,0.0,100.0,0.0
2025-04-28,0.15,0.25,0.15,0.15,0,0.0,0.0,0.0,100.0,0.0
2025-04-28,0.15,0.25,0.15,0.15,0,0.0,0.0,0.0,100.0,0.0
2025-04-28,0.15,0.25,0.15,0.15,0,0.0,0.0,0.0,100.0,0.0
2025-04-28,0.15,0.25,0.15,0.15,0,0.0,0.0,0.0,100.0,0.0
2025-04-28,0.15,0.25,0.15,0.15,0,0.0,0.0,0.0,100.0,0.0
2025-04-28,0.15,0.25,0.15,0.15,0,0.0,0.0,0.0,100.0,0.0
2025-04-28,0.15,0.25,0.15,0.15,0,0.0,0.0,0.0,100.0,0.0
2025-04-28,0.15,0.25,0.15,0.15,0,0.0,0.0,0.0,100.0,0.0
2025-04-28,0.15,0.25,0.15,0.15,0,0.0,0.0,0.0,100.0,0.0
2025-04-28,0.15,0.25,0.15,0.15,0,0.0,0.0,0.0,100.0,0.0
2025-04-28,0.15,0.25,0.15,0.15,0,0.0,0.0,0.0,100.0,0.0
2025-04-28,0.15,0.25,0.15,0.15,0,0.0,0.0,0.0,100.0,0.0
2025-04-28,0.15,0.25,0.15,0.15,0,0.0,0.0,0.0,100.0,0.0
2025-04-28,0.15,0.25,0.15,0.15,0,0.0,0.0,0.0,100.0,0.0
2025-04-28,0.15,0.25,0.15,0.15,0,0.0,0.0,0.0,100.0,0.0
2025-04-28,0.15,0.25,0.15,0.15,0,0.0,0.0,0.0,100.0,0.0
2025-04-29,0.15,0.25,0.15,0.15,0,0.0,0.0,0.0,100.0,0.0
2025-04-29,0.15,0.25,0.15,0.15,0,0.0,0.0,0.0,100.0,0.0
2025-04-29,0.15,0.25,0.15,0.15,0,0.0,0.0,0.0,100.0,0.0
2025-04-29,0.15,0.25,0.15,0.15,0,0.0,0.0,0.0,100.0,0.0
2025-04-29,0.15,0.25,0.15,0.15,0,0.0,0.0,0.0,100.0,0.0
2025-04-29,0.15,0.25,0.15,0.15,0,0.0,0.0,0.0,100.0,0.0
2025-04-29,0.15,0.25,0.15,0.15,0,0.0,0.0,0.0,100.0,0.0
2025-04-29,0.15,0.25,0.15,0.15,0,0.0,0.0,0.0,100.0,0.0
2025-04-29,0.15,0.25,0.15,0.15,0,0.0,0.0,0.0,100.0,0.0
2025-04-29,0.15,0.25,0.15,0.15,0,0.0,0.0,0.0,100.0,0.0
2025-04-29,0.15,0.25,0.15,0.15,0,0.0,0.0,0.0,100.0,0.0
2025-04-29,0.15,0.25,0.15,0.15,0,0.0,0.0,0.0,100.0,0.0
2025-04-29,0.15,0.25,0.15,0.15,0,0.0,0.0,0.0,100.0,0.0
2025-04-29,0.15,0.25,0.15,0.15,0,0.0,0.0,0.0,100.0,0.0
2025-04-29,0.15,0.25,0.15,0.15,0,0.0,0.0,0.0,100.0,0.0
2025-04-29,0.15,0.25,0.15,0.15,0,0.0,0.0,0.0,100.0,0.0
2025-04-29,0.15,0.25,0.15,0.15,0,0.0,0.0,0.0,100.0,0.0
2025-04-29,0.15,0.25,0.15,0.15,0,0.0,0.0,0.0,100.0,0.0
2025-04-29,0.15,0.25,0.15,0.15,0,0.0,0.0,0.0,100.0,0.0
2025-04-29,0.15,0.25,0.15,0.15,0,0.0,0.0,0.0,100.0,0.0
2025-04-29,0.15,0.25,0.15,0.15,0,0.0,0.0,0.0,100.0,0.0
2025-04-29,0.15,0.25,0.15,0.15,0,0.0,0.0,0.0,100.0,0.0
2025-04-29,0.15,0.25,0.15,0.15,0,0.0,0.0,0.0,100.0,0.0
2025-04-29,0.15,0.25,0.15,0.15,0,0.0,0.0,0.0,100.0,0.0
2025-04-30,0.15,0.25,0.15,0.15,0,0.0,0.0,0.0,100.0,0.0
2025-04-30,0.15,0.25,0.15,0.15,0,0.0,0.0,0.0,100.0,0.0
2025-04-30,0.15,0.25,0.15,0.15,0,0.0,0.0,0.0,100.0,0.0
2025-04-30,0.15,0.25,0.15,0.15,0,0.0,0.0,0.0,100.0,0.0
2025-04-30,0.15,0.25,0.15,0.15,0,0.0,0.0,0.0,100.0,0.0
2025-04-30,0.15,0.25,0.15,0.15,0,0.0,0.0,0.0,100.0,0.0
2025-04-30,0.15,0.25,0.15,0.15,0,0.0,0.0,0.0,100.0,0.0
2025-04-30,0.15,0.25,0.15,0.15,0,0.0,0.0,0.0,100.0,0.0
2025-04-30,0.15,0.25,0.15,0.15,0,0.0,0.0,0.0,100.0,0.0
2025-04-30,0.15,0.25,0.15,0.15,0,0.0,0.0,0.0,100.0,0.0
2025-04-30,0.15,0.25,0.15,0.15,0,0.0,0.0,0.0,100.0,0.0
2025-04-30,0.15,0.25,0.15,0.15,0,0.0,0.0,0.0,100.0,0.0
2025-04-30,0.15,0.25,0.15,0.15,0,0.0,0.0,0.0,100.0,0.0
2025-04-30,0.15,0.25,0.15,0.15,0,0.0,0.0,0.0,100.0,0.0
2025-04-30,0.15,0.25,0.15,0.15,0,0.0,0.0,0.0,100.0,0.0
2025-04-30,0.15,0.25,0.15,0.15,0,0.0,0.0,0.0,100.0,0.0
2025-04-30,0.15,0.25,0.15,0.15,0,0.0,0.0,0.0,100.0,0.0
2025-04-30,0.15,0.25,0.15,0.15,0,0.0,0.0,0.0,100.0,0.0
2025-04-30,0.15,0.25,0.15,0.15,0,0.0,0.0,0.0,100.0,0.0
2025-04-30,0.15,0.25,0.15,0.15,0,0.0,0.0,0.0,100.0,0.0
2025-04-30,0.15,0.25,0.15,0.15,0,0.0,0.0,0.0,100.0,0.0
2025-04-30,0.15,0.25,0.15,0.15,0,0.0,0.0,0.0,100.0,0.0
2025-04-30,0.15,0.25,0.15,0.15,0,0.0,0.0,0.0,100.0,0.0
2025-04-30,0.15,0.25,0.15,0.15,0,0.0,0.0,0.0,100.0,0.0
2025-05-01,-0.1356060606060606,0.3090909090909091,-0.0212121212121212,-0.25,2,0.16177746054419498,50.0,1.9230769230769231,0.0,0.0
2025-05-01,-0.1356060606060606,0.3090909090909091,-0.0212121212121212,-0.25,0,0.0,50.0,1.9230769230769231,0.0,0.0
2025-05-01,-0.1356060606060606,0.3090909090909091,-0.0212121212121212,-0.25,0,0.0,50.0,1.9230769230769231,0.0,0.0
2025-05-01,-0.1356060606060606,0.3090909090909091,-0.0212121212121212,-0.25,0,0.0,50.0,1.9230769230769231,0.0,0.0
2025-05-01,-0.1356060606060606,0.3090909090909091,-0.0212121212121212,-0.25,0,0.0,50.0,1.9230769230769231,0.0,0.0
2025-05-01,-0.1356060606060606,0.3090909090909091,-0.0212121212121212,-0.25,0,0.0,50.0,1.9230769230769231,0.0,0.0
2025-05-01,-0.1356060606060606,0.3090909090909091,-0.0212121212121212,-0.25,0,0.0,50.0,1.9230769230769231,0.0,0.0
2025-05-01,-0.1356060606060606,0.3090909090909091,-0.0212121212121212,-0.25,0,0.0,50.0,1.9230769230769231,0.0,0.0
2025-05-01,-0.1356060606060606,0.3090909090909091,-0.0212121212121212,-0.25,0,0.0,50.0,1.9230769230769231,0.0,0.0
2025-05-01,-0.1356060606060606,0.3090909090909091,-0.0212121212121212,-0.25,0,0.0,50.0,1.9230769230769231,0.0,0.0
2025-05-01,-0.1356060606060606,0.3090909090909091,-0.0212121212121212,-0.25,0,0.0,50.0,1.9230769230769231,0.0,0.0
2025-05-01,-0.1356060606060606,0.3090909090909091,-0.0212121212121212,-0.25,0,0.0,50.0,1.9230769230769231,0.0,0.0
2025-05-01,-0.1356060606060606,0.3090909090909091,-0.0212121212121212,-0.25,0,0.0,50.0,1.9230769230769231,0.0,0.0
2025-05-01,-0.1356060606060606,0.3090909090909091,-0.0212121212121212,-0.25,0,0.0,50.0,1.9230769230769231,0.0,0.0
2025-05-01,-0.1356060606060606,0.3090909090909091,-0.0212121212121212,-0.25,0,0.0,50.0,1.9230769230769231,0.0,0.0
2025-05-01,-0.1356060606060606,0.3090909090909091,-0.0212121212121212,-0.25,0,0.0,50.0,1.9230769230769231,0.0,0.0
2025-05-01,-0.1356060606060606,0.3090909090909091,-0.0212121212121212,-0.25,0,0.0,50.0,1.9230769230769231,0.0,0.0
2025-05-01,-0.1356060606060606,0.3090909090909091,-0.0212121212121212,-0.25,0,0.0,50.0,1.9230769230769231,0.0,0.0
2025-05-01,-0.1356060606060606,0.3090909090909091,-0.0212121212121212,-0.25,0,0.0,50.0,1.9230769230769231,0.0,0.0
2025-05-01,-0.1356060606060606,0.3090909090909091,-0.0212121212121212,-0.25,0,0.0,50.0,1.9230769230769231,0.0,0.0
2025-05-01,-0.1356060606060606,0.3090909090909091,-0.0212121212121212,-0.25,0,0.0,50.0,1.9230769230769231,0.0,0.0
2025-05-01,-0.1356060606060606,0.3090909090909091,-0.0212121212121212,-0.25,0,0.0,50.0,1.9230769230769231,0.0,0.0
2025-05-01,-0.1356060606060606,0.3090909090909091,-0.0212121212121212,-0.25,0,0.0,50.0,1.9230769230769231,0.0,0.0
2025-05-01,-0.1356060606060606,0.3090909090909091,-0.0212121212121212,-0.25,0,0.0,50.0,1.9230769230769231,0.0,0.0
2025-05-02,-0.0111111111111111,0.04444444444444443,0.0,-0.0333333333333333,3,0.019245008972987504,0.0,100.0,0.0,0.0
2025-05-02,-0.0111111111111111,0.04444444444444443,0.0,-0.0333333333333333,0,0.0,0.0,100.0,0.0,0.0
2025-05-02,-0.0111111111111111,0.04444444444444443,0.0,-0.0333333333333333,0,0.0,0.0,100.0,0.0,0.0
2025-05-02,-0.0111111111111111,0.04444444444444443,0.0,-0.0333333333333333,0,0.0,0.0,100.0,0.0,0.0
2025-05-02,-0.0111111111111111,0.04444444444444443,0.0,-0.0333333333333333,0,0.0,0.0,100.0,0.0,0.0
2025-05-02,-0.0111111111111111,0.04444444444444443,0.0,-0.0333333333333333,0,0.0,0.0,100.0,0.0,0.0
2025-05-02,-0.0111111111111111,0.04444444444444443,0.0,-0.0333333333333333,0,0.0,0.0,100.0,0.0,0.0
2025-05-02,-0.0111111111111111,0.04444444444444443,0.0,-0.0333333333333333,0,0.0,0.0,100.0,0.0,0.0
2025-05-02,-0.0111111111111111,0.04444444444444443,0.0,-0.0333333333333333,0,0.0,0.0,100.0,0.0,0.0
2025-05-02,-0.0111111111111111,0.04444444444444443,0.0,-0.0333333333333333,0,0.0,0.0,100.0,0.0,0.0
2025-05-02,-0.0111111111111111,0.04444444444444443,0.0,-0.0333333333333333,0,0.0,0.0,100.0,0.0,0.0
2025-05-02,-0.0111111111111111,0.04444444444444443,0.0,-0.0333333333333333,0,0.0,0.0,100.0,0.0,0.0
2025-05-02,-0.0111111111111111,0.04444444444444443,0.0,-0.0333333333333333,0,0.0,0.0,100.0,0.0,0.0
2025-05-02,-0.0111111111111111,0.04444444444444443,0.0,-0.0333333333333333,0,0.0,0.0,100.0,0.0,0.0
2025-05-02,-0.0111111111111111,0.04444444444444443,0.0,-0.0333333333333333,0,0.0,0.0,100.0,0.0,0.0
2025-05-02,-0.0111111111111111,0.04444444444444443,0.0,-0.0333333333333333,0,0.0,0.0,100.0,0.0,0.0
2025-05-02,-0.0111111111111111,0.04444444444444443,0.0,-0.0333333333333333,0,0.0,0.0,100.0,0.0,0.0
2025-05-02,-0.0111111111111111,0.04444444444444443,0.0,-0.0333333333333333,0,0.0,0.0,100.0,0.0,0.0
2025-05-02,-0.0111111111111111,0.04444444444444443,0.0,-0.0333333333333333,0,0.0,0.0,100.0,0.0,0.0
2025-05-02,-0.0111111111111111,0.04444444444444443,0.0,-0.0333333333333333,0,0.0,0.0,100.0,0.0,0.0
2025-05-02,-0.0111111111111111,0.04444444444444443,0.0,-0.0333333333333333,0,0.0,0.0,100.0,0.0,0.0
2025-05-02,-0.0111111111111111,0.04444444444444443,0.0,-0.0333333333333333,0,0.0,0.0,100.0,0.0,0.0
2025-05-02,-0.0111111111111111,0.04444444444444443,0.0,-0.0333333333333333,0,0.0,0.0,100.0,0.0,0.0
2025-05-02,-0.0111111111111111,0.04444444444444443,0.0,-0.0333333333333333,0,0.0,0.0,100.0,0.0,0.0
2025-05-03,-0.0111111111111111,0.04444444444444443,0.0,-0.0333333333333333,0,0.0,0.0,100.0,0.0,0.0
2025-05-03,-0.0111111111111111,0.04444444444444443,0.0,-0.0333333333333333,0,0.0,0.0,100.0,0.0,0.0
2025-05-03,-0.0111111111111111,0.04444444444444443,0.0,-0.0333333333333333,0,0.0,0.0,100.0,0.0,0.0
2025-05-03,-0.0111111111111111,0.04444444444444443,0.0,-0.0333333333333333,0,0.0,0.0,100.0,0.0,0.0
2025-05-03,-0.0111111111111111,0.04444444444444443,0.0,-0.0333333333333333,0,0.0,0.0,100.0,0.0,0.0
2025-05-03,-0.0111111111111111,0.04444444444444443,0.0,-0.0333333333333333,0,0.0,0.0,100.0,0.0,0.0
2025-05-03,-0.0111111111111111,0.04444444444444443,0.0,-0.0333333333333333,0,0.0,0.0,100.0,0.0,0.0
2025-05-03,-0.0111111111111111,0.04444444444444443,0.0,-0.0333333333333333,0,0.0,0.0,100.0,0.0,0.0
2025-05-03,-0.0111111111111111,0.04444444444444443,0.0,-0.0333333333333333,0,0.0,0.0,100.0,0.0,0.0
2025-05-03,-0.0111111111111111,0.04444444444444443,0.0,-0.0333333333333333,0,0.0,0.0,100.0,0.0,0.0
2025-05-03,-0.0111111111111111,0.04444444444444443,0.0,-0.0333333333333333,0,0.0,0.0,100.0,0.0,0.0
2025-05-03,-0.0111111111111111,0.04444444444444443,0.0,-0.0333333333333333,0,0.0,0.0,100.0,0.0,0.0
2025-05-03,-0.0111111111111111,0.04444444444444443,0.0,-0.0333333333333333,0,0.0,0.0,100.0,0.0,0.0
2025-05-03,-0.0111111111111111,0.04444444444444443,0.0,-0.0333333333333333,0,0.0,0.0,100.0,0.0,0.0
2025-05-03,-0.0111111111111111,0.04444444444444443,0.0,-0.0333333333333333,0,0.0,0.0,100.0,0.0,0.0
2025-05-03,-0.0111111111111111,0.04444444444444443,0.0,-0.0333333333333333,0,0.0,0.0,100.0,0.0,0.0
2025-05-03,-0.0111111111111111,0.04444444444444443,0.0,-0.0333333333333333,0,0.0,0.0,100.0,0.0,0.0
2025-05-03,-0.0111111111111111,0.04444444444444443,0.0,-0.0333333333333333,0,0.0,0.0,100.0,0.0,0.0
2025-05-03,-0.0111111111111111,0.04444444444444443,0.0,-0.0333333333333333,0,0.0,0.0,100.0,0.0,0.0
2025-05-03,-0.0111111111111111,0.04444444444444443,0.0,-0.0333333333333333,0,0.0,0.0,100.0,0.0,0.0
2025-05-03,-0.0111111111111111,0.04444444444444443,0.0,-0.0333333333333333,0,0.0,0.0,100.0,0.0,0.0
2025-05-03,-0.0111111111111111,0.04444444444444443,0.0,-0.0333333333333333,0,0.0,0.0,100.0,0.0,0.0
2025-05-03,-0.0111111111111111,0.04444444444444443,0.0,-0.0333333333333333,0,0.0,0.0,100.0,0.0,0.0
2025-05-03,-0.0111111111111111,0.04444444444444443,0.0,-0.0333333333333333,0,0.0,0.0,100.0,0.0,0.0
2025-05-04,-0.0111111111111111,0.04444444444444443,0.0,-0.0333333333333333,0,0.0,0.0,100.0,0.0,0.0
2025-05-04,-0.0111111111111111,0.04444444444444443,0.0,-0.0333333333333333,0,0.0,0.0,100.0,0.0,0.0
2025-05-04,-0.0111111111111111,0.04444444444444443,0.0,-0.0333333333333333,0,0.0,0.0,100.0,0.0,0.0
2025-05-04,-0.0111111111111111,0.04444444444444443,0.0,-0.0333333333333333,0,0.0,0.0,100.0,0.0,0.0
2025-05-04,-0.0111111111111111,0.04444444444444443,0.0,-0.0333333333333333,0,0.0,0.0,100.0,0.0,0.0
2025-05-04,-0.0111111111111111,0.04444444444444443,0.0,-0.0333333333333333,0,0.0,0.0,100.0,0.0,0.0
2025-05-04,-0.0111111111111111,0.04444444444444443,0.0,-0.0333333333333333,0,0.0,0.0,100.0,0.0,0.0
2025-05-04,-0.0111111111111111,0.04444444444444443,0.0,-0.0333333333333333,0,0.0,0.0,100.0,0.0,0.0
2025-05-04,-0.0111111111111111,0.04444444444444443,0.0,-0.0333333333333333,0,0.0,0.0,100.0,0.0,0.0
2025-05-04,-0.0111111111111111,0.04444444444444443,0.0,-0.0333333333333333,0,0.0,0.0,100.0,0.0,0.0
2025-05-04,-0.0111111111111111,0.04444444444444443,0.0,-0.0333333333333333,0,0.0,0.0,100.0,0.0,0.0
2025-05-04,-0.0111111111111111,0.04444444444444443,0.0,-0.0333333333333333,0,0.0,0.0,100.0,0.0,0.0
2025-05-04,-0.0111111111111111,0.04444444444444443,0.0,-0.0333333333333333,0,0.0,0.0,100.0,0.0,0.0
2025-05-04,-0.0111111111111111,0.04444444444444443,0.0,-0.0333333333333333,0,0.0,0.0,100.0,0.0,0.0
2025-05-04,-0.0111111111111111,0.04444444444444443,0.0,-0.0333333333333333,0,0.0,0.0,100.0,0.0,0.0
2025-05-04,-0.0111111111111111,0.04444444444444443,0.0,-0.0333333333333333,0,0.0,0.0,100.0,0.0,0.0
2025-05-04,-0.0111111111111111,0.04444444444444443,0.0,-0.0333333333333333,0,0.0,0.0,100.0,0.0,0.0
2025-05-04,-0.0111111111111111,0.04444444444444443,0.0,-0.0333333333333333,0,0.0,0.0,100.0,0.0,0.0
2025-05-04,-0.0111111111111111,0.04444444444444443,0.0,-0.0333333333333333,0,0.0,0.0,100.0,0.0,0.0
2025-05-04,-0.0111111111111111,0.04444444444444443,0.0,-0.0333333333333333,0,0.0,0.0,100.0,0.0,0.0
2025-05-04,-0.0111111111111111,0.04444444444444443,0.0,-0.0333333333333333,0,0.0,0.0,100.0,0.0,0.0
2025-05-04,-0.0111111111111111,0.04444444444444443,0.0,-0.0333333333333333,0,0.0,0.0,100.0,0.0,0.0
2025-05-04,-0.0111111111111111,0.04444444444444443,0.0,-0.0333333333333333,0,0.0,0.0,100.0,0.0,0.0
2025-05-04,-0.0111111111111111,0.04444444444444443,0.0,-0.0333333333333333,0,0.0,0.0,100.0,0.0,0.0
2025-05-05,-0.4333333333333333,1.0,-0.4333333333333333,-0.4333333333333333,1,0.0,100.0,0.0,0.0,0.0
2025-05-05,-0.4333333333333333,1.0,-0.4333333333333333,-0.4333333333333333,0,0.0,100.0,0.0,0.0,0.0
2025-05-05,-0.4333333333333333,1.0,-0.4333333333333333,-0.4333333333333333,0,0.0,100.0,0.0,0.0,0.0
2025-05-05,-0.4333333333333333,1.0,-0.4333333333333333,-0.4333333333333333,0,0.0,100.0,0.0,0.0,0.0
2025-05-05,-0.4333333333333333,1.0,-0.4333333333333333,-0.4333333333333333,0,0.0,100.0,0.0,0.0,0.0
2025-05-05,-0.4333333333333333,1.0,-0.4333333333333333,-0.4333333333333333,0,0.0,100.0,0.0,0.0,0.0
2025-05-05,-0.4333333333333333,1.0,-0.4333333333333333,-0.4333333333333333,0,0.0,100.0,0.0,0.0,0.0
2025-05-05,-0.4333333333333333,1.0,-0.4333333333333333,-0.4333333333333333,0,0.0,100.0,0.0,0.0,0.0
2025-05-05,-0.4333333333333333,1.0,-0.4333333333333333,-0.4333333333333333,0,0.0,100.0,0.0,0.0,0.0
2025-05-05,-0.4333333333333333,1.0,-0.4333333333333333,-0.4333333333333333,0,0.0,100.0,0.0,0.0,0.0
2025-05-05,-0.4333333333333333,1.0,-0.4333333333333333,-0.4333333333333333,0,0.0,100.0,0.0,0.0,0.0
2025-05-05,-0.4333333333333333,1.0,-0.4333333333333333,-0.4333333333333333,0,0.0,100.0,0.0,0.0,0.0
2025-05-05,-0.4333333333333333,1.0,-0.4333333333333333,-0.4333333333333333,0,0.0,100.0,0.0,0.0,0.0
2025-05-05,-0.4333333333333333,1.0,-0.4333333333333333,-0.4333333333333333,0,0.0,100.0,0.0,0.0,0.0
2025-05-05,-0.4333333333333333,1.0,-0.4333333333333333,-0.4333333333333333,0,0.0,100.0,0.0,0.0,0.0
2025-05-05,-0.4333333333333333,1.0,-0.4333333333333333,-0.4333333333333333,0,0.0,100.0,0.0,0.0,0.0
2025-05-05,-0.4333333333333333,1.0,-0.4333333333333333,-0.4333333333333333,0,0.0,100.0,0.0,0.0,0.0
2025-05-05,-0.4333333333333333,1.0,-0.4333333333333333,-0.4333333333333333,0,0.0,100.0,0.0,0.0,0.0
2025-05-05,-0.4333333333333333,1.0,-0.4333333333333333,-0.4333333333333333,0,0.0,100.0,0.0,0.0,0.0
2025-05-05,-0.4333333333333333,1.0,-0.4333333333333333,-0.4333333333333333,0,0.0,100.0,0.0,0.0,0.0
2025-05-05,-0.4333333333333333,1.0,-0.4333333333333333,-0.4333333333333333,0,0.0,100.0,0.0,0.0,0.0
2025-05-05,-0.4333333333333333,1.0,-0.4333333333333333,-0.4333333333333333,0,0.0,100.0,0.0,0.0,0.0
2025-05-05,-0.4333333333333333,1.0,-0.4333333333333333,-0.4333333333333333,0,0.0,100.0,0.0,0.0,0.0
2025-05-05,-0.4333333333333333,1.0,-0.4333333333333333,-0.4333333333333333,0,0.0,100.0,0.0,0.0,0.0
2025-05-06,0.12970328282828278,0.3311868686868687,0.2088068181818181,0.0681818181818181,3,0.07194230024131369,0.0,33.33333333333333,5.5045871559633035,0.0
2025-05-06,0.12970328282828278,0.3311868686868687,0.2088068181818181,0.0681818181818181,0,0.0,0.0,33.33333333333333,5.5045871559633035,0.0
2025-05-06,0.12970328282828278,0.3311868686868687,0.2088068181818181,0.0681818181818181,0,0.0,0.0,33.33333333333333,5.5045871559633035,0.0
2025-05-06,0.12970328282828278,0.3311868686868687,0.2088068181818181,0.0681818181818181,0,0.0,0.0,33.33333333333333,5.5045871559633035,0.0
2025-05-06,0.12970328282828278,0.3311868686868687,0.2088068181818181,0.0681818181818181,0,0.0,0.0,33.33333333333333,5.5045871559633035,0.0
2025-05-06,0.12970328282828278,0.3311868686868687,0.2088068181818181,0.0681818181818181,0,0.0,0.0,33.33333333333333,5.5045871559633035,0.0
2025-05-06,0.12970328282828278,0.3311868686868687,0.2088068181818181,0.0681818181818181,0,0.0,0.0,33.33333333333333,5.5045871559633035,0.0
2025-05-06,0.12970328282828278,0.3311868686868687,0.2088068181818181,0.0681818181818181,0,0.0,0.0,33.33333333333333,5.5045871559633035,0.0
2025-05-06,0.12970328282828278,0.3311868686868687,0.2088068181818181,0.0681818181818181,0,0.0,0.0,33.33333333333333,5.5045871559633035,0.0
2025-05-06,0.12970328282828278,0.3311868686868687,0.2088068181818181,0.0681818181818181,0,0.0,0.0,33.33333333333333,5.5045871559633035,0.0
2025-05-06,0.12970328282828278,0.3311868686868687,0.2088068181818181,0.0681818181818181,0,0.0,0.0,33.33333333333333,5.5045871559633035,0.0
2025-05-06,0.12970328282828278,0.3311868686868687,0.2088068181818181,0.0681818181818181,0,0.0,0.0,33.33333333333333,5.5045871559633035,0.0
2025-05-06,0.12970328282828278,0.3311868686868687,0.2088068181818181,0.0681818181818181,0,0.0,0.0,33.33333333333333,5.5045871559633035,0.0
2025-05-06,0.12970328282828278,0.3311868686868687,0.2088068181818181,0.0681818181818181,0,0.0,0.0,33.33333333333333,5.5045871559633035,0.0
2025-05-06,0.12970328282828278,0.3311868686868687,0.2088068181818181,0.0681818181818181,0,0.0,0.0,33.33333333333333,5.5045871559633035,0.0
2025-05-06,0.12970328282828278,0.3311868686868687,0.2088068181818181,0.0681818181818181,0,0.0,0.0,33.33333333333333,5.5045871559633035,0.0
2025-05-06,0.12970328282828278,0.3311868686868687,0.2088068181818181,0.0681818181818181,0,0.0,0.0,33.33333333333333,5.5045871559633035,0.0
2025-05-06,0.12970328282828278,0.3311868686868687,0.2088068181818181,0.0681818181818181,0,0.0,0.0,33.33333333333333,5.5045871559633035,0.0
2025-05-06,0.12970328282828278,0.3311868686868687,0.2088068181818181,0.0681818181818181,0,0.0,0.0,33.33333333333333,5.5045871559633035,0.0
2025-05-06,0.12970328282828278,0.3311868686868687,0.2088068181818181,0.0681818181818181,0,0.0,0.0,33.33333333333333,5.5045871559633035,0.0
2025-05-06,0.12970328282828278,0.3311868686868687,0.2088068181818181,0.0681818181818181,0,0.0,0.0,33.33333333333333,5.5045871559633035,0.0
2025-05-06,0.12970328282828278,0.3311868686868687,0.2088068181818181,0.0681818181818181,0,0.0,0.0,33.33333333333333,5.5045871559633035,0.0
2025-05-06,0.12970328282828278,0.3311868686868687,0.2088068181818181,0.0681818181818181,0,0.0,0.0,33.33333333333333,5.5045871559633035,0.0
2025-05-06,0.12970328282828278,0.3311868686868687,0.2088068181818181,0.0681818181818181,0,0.0,0.0,33.33333333333333,5.5045871559633035,0.0
2025-05-07,0.425,0.625,0.6,0.25,2,0.24748737341529162,0.0,0.0,50.0,1.9230769230769231
2025-05-07,0.425,0.625,0.6,0.25,0,0.0,0.0,0.0,50.0,1.9230769230769231
2025-05-07,0.425,0.625,0.6,0.25,0,0.0,0.0,0.0,50.0,1.9230769230769231
2025-05-07,0.425,0.625,0.6,0.25,0,0.0,0.0,0.0,50.0,1.9230769230769231
2025-05-07,0.425,0.625,0.6,0.25,0,0.0,0.0,0.0,50.0,1.9230769230769231
2025-05-07,0.425,0.625,0.6,0.25,0,0.0,0.0,0.0,50.0,1.9230769230769231
2025-05-07,0.425,0.625,0.6,0.25,0,0.0,0.0,0.0,50.0,1.9230769230769231
2025-05-07,0.425,0.625,0.6,0.25,0,0.0,0.0,0.0,50.0,1.9230769230769231
2025-05-07,0.425,0.625,0.6,0.25,0,0.0,0.0,0.0,50.0,1.9230769230769231
2025-05-07,0.425,0.625,0.6,0.25,0,0.0,0.0,0.0,50.0,1.9230769230769231
2025-05-07,0.425,0.625,0.6,0.25,0,0.0,0.0,0.0,50.0,1.9230769230769231
2025-05-07,0.425,0.625,0.6,0.25,0,0.0,0.0,0.0,50.0,1.9230769230769231
2025-05-07,0.425,0.625,0.6,0.25,0,0.0,0.0,0.0,50.0,1.9230769230769231
2025-05-07,0.425,0.625,0.6,0.25,0,0.0,0.0,0.0,50.0,1.9230769230769231
2025-05-07,0.425,0.625,0.6,0.25,0,0.0,0.0,0.0,50.0,1.9230769230769231
2025-05-07,0.425,0.625,0.6,0.25,0,0.0,0.0,0.0,50.0,1.9230769230769231
2025-05-07,0.425,0.625,0.6,0.25,0,0.0,0.0,0.0,50.0,1.9230769230769231
2025-05-07,0.425,0.625,0.6,0.25,0,0.0,0.0,0.0,50.0,1.9230769230769231
2025-05-07,0.425,0.625,0.6,0.25,0,0.0,0.0,0.0,50.0,1.9230769230769231
2025-05-07,0.425,0.625,0.6,0.25,0,0.0,0.0,0.0,50.0,1.9230769230769231
2025-05-07,0.425,0.625,0.6,0.25,0,0.0,0.0,0.0,50.0,1.9230769230769231
2025-05-07,0.425,0.625,0.6,0.25,0,0.0,0.0,0.0,50.0,1.9230769230769231
2025-05-07,0.425,0.625,0.6,0.25,0,0.0,0.0,0.0,50.0,1.9230769230769231
2025-05-07,0.425,0.625,0.6,0.25,0,0.0,0.0,0.0,50.0,1.9230769230769231
2025-05-08,0.11035714285714283,0.2934126984126984,0.2525,0.0285714285714285,3,0.1235647190581453,0.0,66.66666666666666,1.4354066985645935,0.0
2025-05-08,0.11035714285714283,0.2934126984126984,0.2525,0.0285714285714285,0,0.0,0.0,66.66666666666666,1.4354066985645935,0.0
2025-05-08,0.11035714285714283,0.2934126984126984,0.2525,0.0285714285714285,0,0.0,0.0,66.66666666666666,1.4354066985645935,0.0
2025-05-08,0.11035714285714283,0.2934126984126984,0.2525,0.0285714285714285,0,0.0,0.0,66.66666666666666,1.4354066985645935,0.0
2025-05-08,0.11035714285714283,0.2934126984126984,0.2525,0.0285714285714285,0,0.0,0.0,66.66666666666666,1.4354066985645935,0.0
2025-05-08,0.11035714285714283,0.2934126984126984,0.2525,0.0285714285714285,0,0.0,0.0,66.66666666666666,1.4354066985645935,0.0
2025-05-08,0.11035714285714283,0.2934126984126984,0.2525,0.0285714285714285,0,0.0,0.0,66.66666666666666,1.4354066985645935,0.0
2025-05-08,0.11035714285714283,0.2934126984126984,0.2525,0.0285714285714285,0,0.0,0.0,66.66666666666666,1.4354066985645935,0.0
2025-05-08,0.11035714285714283,0.2934126984126984,0.2525,0.0285714285714285,0,0.0,0.0,66.66666666666666,1.4354066985645935,0.0
2025-05-08,0.11035714285714283,0.2934126984126984,0.2525,0.0285714285714285,0,0.0,0.0,66.66666666666666,1.4354066985645935,0.0
2025-05-08,0.11035714285714283,0.2934126984126984,0.2525,0.0285714285714285,0,0.0,0.0,66.66666666666666,1.4354066985645935,0.0
2025-05-08,0.11035714285714283,0.2934126984126984,0.2525,0.0285714285714285,0,0.0,0.0,66.66666666666666,1.4354066985645935,0.0
2025-05-08,0.11035714285714283,0.2934126984126984,0.2525,0.0285714285714285,0,0.0,0.0,66.66666666666666,1.4354066985645935,0.0
2025-05-08,0.11035714285714283,0.2934126984126984,0.2525,0.0285714285714285,0,0.0,0.0,66.66666666666666,1.4354066985645935,0.0
2025-05-08,0.11035714285714283,0.2934126984126984,0.2525,0.0285714285714285,0,0.0,0.0,66.66666666666666,1.4354066985645935,0.0
2025-05-08,0.11035714285714283,0.2934126984126984,0.2525,0.0285714285714285,0,0.0,0.0,66.66666666666666,1.4354066985645935,0.0
2025-05-08,0.11035714285714283,0.2934126984126984,0.2525,0.0285714285714285,0,0.0,0.0,66.66666666666666,1.4354066985645935,0.0
2025-05-08,0.11035714285714283,0.2934126984126984,0.2525,0.0285714285714285,0,0.0,0.0,66.66666666666666,1.4354066985645935,0.0
2025-05-08,0.11035714285714283,0.2934126984126984,0.2525,0.0285714285714285,0,0.0,0.0,66.66666666666666,1.4354066985645935,0.0
2025-05-08,0.11035714285714283,0.2934126984126984,0.2525,0.0285714285714285,0,0.0,0.0,66.66666666666666,1.4354066985645935,0.0
2025-05-08,0.11035714285714283,0.2934126984126984,0.2525,0.0285714285714285,0,0.0,0.0,66.66666666666666,1.4354066985645935,0.0
2025-05-08,0.11035714285714283,0.2934126984126984,0.2525,0.0285714285714285,0,0.0,0.0,66.66666666666666,1.4354066985645935,0.0
2025-05-08,0.11035714285714283,0.2934126984126984,0.2525,0.0285714285714285,0,0.0,0.0,66.66666666666666,1.4354066985645935,0.0
2025-05-08,0.11035714285714283,0.2934126984126984,0.2525,0.0285714285714285,0,0.0,0.0,66.66666666666666,1.4354066985645935,0.0
2025-05-09,0.225,0.53,0.225,0.225,1,0.0,0.0,0.0,100.0,0.0
2025-05-09,0.225,0.53,0.225,0.225,0,0.0,0.0,0.0,100.0,0.0
2025-05-09,0.225,0.53,0.225,0.225,0,0.0,0.0,0.0,100.0,0.0
2025-05-09,0.225,0.53,0.225,0.225,0,0.0,0.0,0.0,100.0,0.0
2025-05-09,0.225,0.53,0.225,0.225,0,0.0,0.0,0.0,100.0,0.0
2025-05-09,0.225,0.53,0.225,0.225,0,0.0,0.0,0.0,100.0,0.0
2025-05-09,0.225,0.53,0.225,0.225,0,0.0,0.0,0.0,100.0,0.0
2025-05-09,0.225,0.53,0.225,0.225,0,0.0,0.0,0.0,100.0,0.0
2025-05-09,0.225,0.53,0.225,0.225,0,0.0,0.0,0.0,100.0,0.0
2025-05-09,0.225,0.53,0.225,0.225,0,0.0,0.0,0.0,100.0,0.0
2025-05-09,0.225,0.53,0.225,0.225,0,0.0,0.0,0.0,100.0,0.0
2025-05-09,0.225,0.53,0.225,0.225,0,0.0,0.0,0.0,100.0,0.0
2025-05-09,0.225,0.53,0.225,0.225,0,0.0,0.0,0.0,100.0,0.0
2025-05-09,0.225,0.53,0.225,0.225,0,0.0,0.0,0.0,100.0,0.0
2025-05-09,0.225,0.53,0.225,0.225,0,0.0,0.0,0.0,100.0,0.0
2025-05-09,0.225,0.53,0.225,0.225,0,0.0,0.0,0.0,100.0,0.0
2025-05-09,0.225,0.53,0.225,0.225,0,0.0,0.0,0.0,100.0,0.0
2025-05-09,0.225,0.53,0.225,0.225,0,0.0,0.0,0.0,100.0,0.0
2025-05-09,0.225,0.53,0.225,0.225,0,0.0,0.0,0.0,100.0,0.0
2025-05-09,0.225,0.53,0.225,0.225,0,0.0,0.0,0.0,100.0,0.0
2025-05-09,0.225,0.53,0.225,0.225,0,0.0,0.0,0.0,100.0,0.0
2025-05-09,0.225,0.53,0.225,0.225,0,0.0,0.0,0.0,100.0,0.0
2025-05-09,0.225,0.53,0.225,0.225,0,0.0,0.0,0.0,100.0,0.0
2025-05-09,0.225,0.53,0.225,0.225,0,0.0,0.0,0.0,100.0,0.0
2025-05-10,0.225,0.53,0.225,0.225,0,0.0,0.0,0.0,100.0,0.0
2025-05-10,0.225,0.53,0.225,0.225,0,0.0,0.0,0.0,100.0,0.0
2025-05-10,0.225,0.53,0.225,0.225,0,0.0,0.0,0.0,100.0,0.0
2025-05-10,0.225,0.53,0.225,0.225,0,0.0,0.0,0.0,100.0,0.0
2025-05-10,0.225,0.53,0.225,0.225,0,0.0,0.0,0.0,100.0,0.0
2025-05-10,0.225,0.53,0.225,0.225,0,0.0,0.0,0.0,100.0,0.0
2025-05-10,0.225,0.53,0.225,0.225,0,0.0,0.0,0.0,100.0,0.0
2025-05-10,0.225,0.53,0.225,0.225,0,0.0,0.0,0.0,100.0,0.0
2025-05-10,0.225,0.53,0.225,0.225,0,0.0,0.0,0.0,100.0,0.0
2025-05-10,0.225,0.53,0.225,0.225,0,0.0,0.0,0.0,100.0,0.0
2025-05-10,0.225,0.53,0.225,0.225,0,0.0,0.0,0.0,100.0,0.0
2025-05-10,0.225,0.53,0.225,0.225,0,0.0,0.0,0.0,100.0,0.0
2025-05-10,0.225,0.53,0.225,0.225,0,0.0,0.0,0.0,100.0,0.0
2025-05-10,0.225,0.53,0.225,0.225,0,0.0,0.0,0.0,100.0,0.0
2025-05-10,0.225,0.53,0.225,0.225,0,0.0,0.0,0.0,100.0,0.0
2025-05-10,0.225,0.53,0.225,0.225,0,0.0,0.0,0.0,100.0,0.0
2025-05-10,0.225,0.53,0.225,0.225,0,0.0,0.0,0.0,100.0,0.0
2025-05-10,0.225,0.53,0.225,0.225,0,0.0,0.0,0.0,100.0,0.0
2025-05-10,0.225,0.53,0.225,0.225,0,0.0,0.0,0.0,100.0,0.0
2025-05-10,0.225,0.53,0.225,0.225,0,0.0,0.0,0.0,100.0,0.0
2025-05-10,0.225,0.53,0.225,0.225,0,0.0,0.0,0.0,100.0,0.0
2025-05-10,0.225,0.53,0.225,0.225,0,0.0,0.0,0.0,100.0,0.0
2025-05-10,0.225,0.53,0.225,0.225,0,0.0,0.0,0.0,100.0,0.0
2025-05-10,0.225,0.53,0.225,0.225,0,0.0,0.0,0.0,100.0,0.0
2025-05-11,0.225,0.53,0.225,0.225,0,0.0,0.0,0.0,100.0,0.0
2025-05-11,0.225,0.53,0.225,0.225,0,0.0,0.0,0.0,100.0,0.0
2025-05-11,0.225,0.53,0.225,0.225,0,0.0,0.0,0.0,100.0,0.0
2025-05-11,0.225,0.53,0.225,0.225,0,0.0,0.0,0.0,100.0,0.0
2025-05-11,0.225,0.53,0.225,0.225,0,0.0,0.0,0.0,100.0,0.0
2025-05-11,0.225,0.53,0.225,0.225,0,0.0,0.0,0.0,100.0,0.0
2025-05-11,0.225,0.53,0.225,0.225,0,0.0,0.0,0.0,100.0,0.0
2025-05-11,0.225,0.53,0.225,0.225,0,0.0,0.0,0.0,100.0,0.0
2025-05-11,0.225,0.53,0.225,0.225,0,0.0,0.0,0.0,100.0,0.0
2025-05-11,0.225,0.53,0.225,0.225,0,0.0,0.0,0.0,100.0,0.0
2025-05-11,0.225,0.53,0.225,0.225,0,0.0,0.0,0.0,100.0,0.0
2025-05-11,0.225,0.53,0.225,0.225,0,0.0,0.0,0.0,100.0,0.0
2025-05-11,0.225,0.53,0.225,0.225,0,0.0,0.0,0.0,100.0,0.0
2025-05-11,0.225,0.53,0.225,0.225,0,0.0,0.0,0.0,100.0,0.0
2025-05-11,0.225,0.53,0.225,0.225,0,0.0,0.0,0.0,100.0,0.0
2025-05-11,0.225,0.53,0.225,0.225,0,0.0,0.0,0.0,100.0,0.0
2025-05-11,0.225,0.53,0.225,0.225,0,0.0,0.0,0.0,100.0,0.0
2025-05-11,0.225,0.53,0.225,0.225,0,0.0,0.0,0.0,100.0,0.0
2025-05-11,0.225,0.53,0.225,0.225,0,0.0,0.0,0.0,100.0,0.0
2025-05-11,0.225,0.53,0.225,0.225,0,0.0,0.0,0.0,100.0,0.0
2025-05-11,0.225,0.53,0.225,0.225,0,0.0,0.0,0.0,100.0,0.0
2025-05-11,0.225,0.53,0.225,0.225,0,0.0,0.0,0.0,100.0,0.0
2025-05-11,0.225,0.53,0.225,0.225,0,0.0,0.0,0.0,100.0,0.0
2025-05-11,0.225,0.53,0.225,0.225,0,0.0,0.0,0.0,100.0,0.0
2025-05-12,0.0833333333333333,0.3833333333333333,0.1666666666666666,0.0,2,0.11785113019775788,0.0,50.0,1.9230769230769231,0.0
2025-05-12,0.0833333333333333,0.3833333333333333,0.1666666666666666,0.0,0,0.0,0.0,50.0,1.9230769230769231,0.0
2025-05-12,0.0833333333333333,0.3833333333333333,0.1666666666666666,0.0,0,0.0,0.0,50.0,1.9230769230769231,0.0
2025-05-12,0.0833333333333333,0.3833333333333333,0.1666666666666666,0.0,0,0.0,0.0,50.0,1.9230769230769231,0.0
2025-05-12,0.0833333333333333,0.3833333333333333,0.1666666666666666,0.0,0,0.0,0.0,50.0,1.9230769230769231,0.0
2025-05-12,0.0833333333333333,0.3833333333333333,0.1666666666666666,0.0,0,0.0,0.0,50.0,1.9230769230769231,0.0
2025-05-12,0.0833333333333333,0.3833333333333333,0.1666666666666666,0.0,0,0.0,0.0,50.0,1.9230769230769231,0.0
2025-05-12,0.0833333333333333,0.3833333333333333,0.1666666666666666,0.0,0,0.0,0.0,50.0,1.9230769230769231,0.0
2025-05-12,0.0833333333333333,0.3833333333333333,0.1666666666666666,0.0,0,0.0,0.0,50.0,1.9230769230769231,0.0
2025-05-12,0.0833333333333333,0.3833333333333333,0.1666666666666666,0.0,0,0.0,0.0,50.0,1.9230769230769231,0.0
2025-05-12,0.0833333333333333,0.3833333333333333,0.1666666666666666,0.0,0,0.0,0.0,50.0,1.9230769230769231,0.0
2025-05-12,0.0833333333333333,0.3833333333333333,0.1666666666666666,0.0,0,0.0,0.0,50.0,1.9230769230769231,0.0
2025-05-12,0.0833333333333333,0.3833333333333333,0.1666666666666666,0.0,0,0.0,0.0,50.0,1.9230769230769231,0.0
2025-05-12,0.0833333333333333,0.3833333333333333,0.1666666666666666,0.0,0,0.0,0.0,50.0,1.9230769230769231,0.0
2025-05-12,0.0833333333333333,0.3833333333333333,0.1666666666666666,0.0,0,0.0,0.0,50.0,1.9230769230769231,0.0
2025-05-12,0.0833333333333333,0.3833333333333333,0.1666666666666666,0.0,0,0.0,0.0,50.0,1.9230769230769231,0.0
2025-05-12,0.0833333333333333,0.3833333333333333,0.1666666666666666,0.0,0,0.0,0.0,50.0,1.9230769230769231,0.0
2025-05-12,0.0833333333333333,0.3833333333333333,0.1666666666666666,0.0,0,0.0,0.0,50.0,1.9230769230769231,0.0
2025-05-12,0.0833333333333333,0.3833333333333333,0.1666666666666666,0.0,0,0.0,0.0,50.0,1.9230769230769231,0.0
2025-05-12,0.0833333333333333,0.3833333333333333,0.1666666666666666,0.0,0,0.0,0.0,50.0,1.9230769230769231,0.0
2025-05-12,0.0833333333333333,0.3833333333333333,0.1666666666666666,0.0,0,0.0,0.0,50.0,1.9230769230769231,0.0
2025-05-12,0.0833333333333333,0.3833333333333333,0.1666666666666666,0.0,0,0.0,0.0,50.0,1.9230769230769231,0.0
2025-05-12,0.0833333333333333,0.3833333333333333,0.1666666666666666,0.0,0,0.0,0.0,50.0,1.9230769230769231,0.0
2025-05-12,0.0833333333333333,0.3833333333333333,0.1666666666666666,0.0,0,0.0,0.0,50.0,1.9230769230769231,0.0
2025-05-13,0.18881944444444443,0.3403472222222222,0.3041666666666666,0.0,4,0.13273018963574465,0.0,25.0,10.344827586206897,0.0
